{"chunk_definitions":[{"chunk_id":"caxmstj45t00l","chunk_label":"unnamed-chunk-1","document_id":"151EB6FC","expansion_state":0,"options":{"engine":"r","label":"unnamed-chunk-1"},"row":9,"row_count":1,"visible":true},{"chunk_id":"cx7sfpstp278t","chunk_label":"unnamed-chunk-2","document_id":"151EB6FC","expansion_state":0,"options":{"engine":"r","label":"unnamed-chunk-17","message":false},"row":26,"row_count":1,"visible":true},{"chunk_id":"cvhwolk8g9t1v","chunk_label":"unnamed-chunk-3","document_id":"151EB6FC","expansion_state":0,"options":{"engine":"r","label":"unnamed-chunk-22"},"row":36,"row_count":1,"visible":true},{"chunk_id":"cfykfu0t5gs6w","chunk_label":"unnamed-chunk-4","document_id":"151EB6FC","expansion_state":0,"options":{"engine":"r","label":"unnamed-chunk-25"},"row":45,"row_count":1,"visible":true},{"chunk_id":"cvg4ifg8hco7c","chunk_label":"unnamed-chunk-5","document_id":"151EB6FC","expansion_state":0,"options":{"engine":"r","label":"unnamed-chunk-1"},"row":49,"row_count":1,"visible":true},{"chunk_id":"cmzjeheltyz6p","chunk_label":"unnamed-chunk-6","document_id":"151EB6FC","expansion_state":0,"options":{"engine":"r","label":"unnamed-chunk-35"},"row":95,"row_count":1,"visible":true},{"chunk_id":"c8sfymvy94law","chunk_label":"unnamed-chunk-7","document_id":"151EB6FC","expansion_state":0,"options":{"engine":"r","label":"unnamed-chunk-38"},"row":112,"row_count":1,"visible":true},{"chunk_id":"c5sf080gveoib","chunk_label":"unnamed-chunk-8","document_id":"151EB6FC","expansion_state":0,"options":{"engine":"r","label":"unnamed-chunk-5"},"row":132,"row_count":1,"visible":true},{"chunk_id":"cyvp98gzw7q6w","chunk_label":"unnamed-chunk-9","document_id":"151EB6FC","expansion_state":0,"options":{"engine":"r","label":"unnamed-chunk-54"},"row":158,"row_count":1,"visible":true},{"chunk_id":"c06hfkvkfzd3g","chunk_label":"unnamed-chunk-10","document_id":"151EB6FC","expansion_state":0,"options":{"engine":"r","label":"unnamed-chunk-1"},"row":182,"row_count":1,"visible":true}],"doc_write_time":1587487848}